{
	"credit": "Made with Blockbench",
	"textures": {
		"0": "./woodtexture",
		"1": "./cobbletexture",
		"2": "./goldtexture",
		"3": "./netherracktexture",
		"4": "./irontexture",
		"5": "./firetexturework",
		"6": "./icetexture",
		"particle": "./woodtexture"
	},
	"elements": [
		{
			"name": "basehandle",
			"from": [7, 4, 7],
			"to": [8, 16, 8],
			"rotation": {"angle": 0, "axis": "y", "origin": [7.5, 7.5, 7.5]},
			"faces": {
				"north": {"uv": [0, 0, 7.2618, 16], "texture": "#0"},
				"east": {"uv": [0, 0, 7.20153, 16], "texture": "#0"},
				"south": {"uv": [0, 0, 7.1714, 16], "texture": "#0"},
				"west": {"uv": [0, 0, 7.26177, 16], "texture": "#0"},
				"up": {"uv": [0, 0, 1, 1], "texture": "#missing"},
				"down": {"uv": [0, 0, 1, 1], "texture": "#missing"}
			}
		},
		{
			"name": "thandhold",
			"from": [6.6, 4, 6.6],
			"to": [8.4, 5.25, 8.4],
			"rotation": {"angle": 0, "axis": "y", "origin": [7.5, 7.5, 7.5]},
			"faces": {
				"north": {"uv": [0, 0, 16, 6.2], "texture": "#1"},
				"east": {"uv": [0, 0, 6.2, 6.2], "texture": "#1"},
				"south": {"uv": [0, 0, 16, 6.2], "texture": "#1"},
				"west": {"uv": [0, 0, 16, 6.2], "texture": "#1"},
				"up": {"uv": [0, 0, 13.12, 12.6], "texture": "#1"},
				"down": {"uv": [0, 0, 16, 16], "texture": "#1"}
			}
		},
		{
			"name": "bhandhold",
			"from": [6.6, 0, 6.6],
			"to": [8.4, 1.25, 8.4],
			"rotation": {"angle": 0, "axis": "y", "origin": [7.5, 7.5, 7.5]},
			"faces": {
				"north": {"uv": [0, 0, 16, 6.2], "texture": "#1"},
				"east": {"uv": [0, 0, 16, 6.2], "texture": "#1"},
				"south": {"uv": [0, 0, 16, 6.2], "texture": "#1"},
				"west": {"uv": [0, 0, 16, 6.2], "texture": "#1"},
				"up": {"uv": [0, 0, 16, 16], "texture": "#1"},
				"down": {"uv": [0, 0, 13.12, 12.6], "texture": "#1"}
			}
		},
		{
			"name": "handhold",
			"from": [7.05, 1, 7.05],
			"to": [8.05, 4, 8.05],
			"rotation": {"angle": 0, "axis": "y", "origin": [7.5, 7.5, 7.5]},
			"faces": {
				"north": {"uv": [1, 0.88, 14.76, 14.72], "texture": "#2"},
				"east": {"uv": [1, 0.88, 14.76, 14.72], "texture": "#2"},
				"south": {"uv": [1, 0.88, 14.76, 14.72], "texture": "#2"},
				"west": {"uv": [1, 0.88, 14.76, 14.72], "texture": "#2"},
				"up": {"uv": [0, 0, 1.5, 1.5], "texture": "#missing"},
				"down": {"uv": [0, 0, 1.5, 1.5], "texture": "#missing"}
			}
		},
		{
			"name": "hbase",
			"from": [7, 16, 8],
			"to": [8, 17, 8.5],
			"faces": {
				"north": {"uv": [0, 0, 1, 1], "texture": "#3"},
				"east": {"uv": [0, 0, 9, 9], "texture": "#3"},
				"south": {"uv": [0, 0, 9, 9], "texture": "#3"},
				"west": {"uv": [0, 0, 9, 9], "texture": "#3"},
				"up": {"uv": [0, 0, 9, 9], "texture": "#3"},
				"down": {"uv": [0, 0, 9, 9], "texture": "#3"}
			}
		},
		{
			"name": "h1",
			"from": [8, 16, 7],
			"to": [8.5, 17, 8],
			"faces": {
				"north": {"uv": [0, 0, 9, 9], "texture": "#3"},
				"east": {"uv": [0, 0, 9, 9], "texture": "#3"},
				"south": {"uv": [0, 0, 9, 9], "texture": "#3"},
				"west": {"uv": [0, 0, 1, 1], "texture": "#3"},
				"up": {"uv": [0, 0, 9, 9], "texture": "#3"},
				"down": {"uv": [0, 0, 9, 9], "texture": "#3"}
			}
		},
		{
			"name": "h2",
			"from": [7, 16, 6.5],
			"to": [8, 17, 7],
			"faces": {
				"north": {"uv": [0, 0, 9, 9], "texture": "#3"},
				"east": {"uv": [0, 0, 9, 9], "texture": "#3"},
				"south": {"uv": [0, 0, 1, 1], "texture": "#3"},
				"west": {"uv": [0, 0, 9, 9], "texture": "#3"},
				"up": {"uv": [0, 0, 9, 9], "texture": "#3"},
				"down": {"uv": [0, 0, 9, 9], "texture": "#3"}
			}
		},
		{
			"name": "h4",
			"from": [7.35, 17, 6.6],
			"to": [7.65, 17.5, 6.9],
			"faces": {
				"north": {"uv": [1, 1, 10, 10], "texture": "#4"},
				"east": {"uv": [1, 1, 10, 10], "texture": "#4"},
				"south": {"uv": [1, 1, 10, 10], "texture": "#4"},
				"west": {"uv": [1, 1, 10, 10], "texture": "#4"},
				"up": {"uv": [1, 1, 10, 10], "texture": "#4"},
				"down": {"uv": [0, 0, 0.3, 0.3], "texture": "#4"}
			}
		},
		{
			"name": "h5",
			"from": [7.35, 17, 8],
			"to": [7.65, 17.5, 8.3],
			"faces": {
				"north": {"uv": [1, 1, 10, 10], "texture": "#4"},
				"east": {"uv": [1, 1, 10, 10], "texture": "#4"},
				"south": {"uv": [1, 1, 10, 10], "texture": "#4"},
				"west": {"uv": [1, 1, 10, 10], "texture": "#4"},
				"up": {"uv": [1, 1, 10, 10], "texture": "#4"},
				"down": {"uv": [0, 0, 0.3, 0.3], "texture": "#4"}
			}
		},
		{
			"name": "h6",
			"from": [6.65, 17, 7.3],
			"to": [6.95, 17.5, 7.6],
			"faces": {
				"north": {"uv": [0, 1, 9, 10], "texture": "#4"},
				"east": {"uv": [1, 1, 10, 10], "texture": "#4"},
				"south": {"uv": [1, 1, 10, 10], "texture": "#4"},
				"west": {"uv": [1, 1, 10, 10], "texture": "#4"},
				"up": {"uv": [1, 1, 10, 10], "texture": "#4"},
				"down": {"uv": [0, 0, 0.3, 0.3], "texture": "#4"}
			}
		},
		{
			"name": "h7",
			"from": [8.05, 17, 7.3],
			"to": [8.35, 17.5, 7.6],
			"faces": {
				"north": {"uv": [1, 1, 10, 10], "texture": "#4"},
				"east": {"uv": [1, 1, 10, 10], "texture": "#4"},
				"south": {"uv": [1, 1, 10, 10], "texture": "#4"},
				"west": {"uv": [1, 1, 10, 10], "texture": "#4"},
				"up": {"uv": [1, 1, 10, 10], "texture": "#4"},
				"down": {"uv": [0, 0, 0.3, 0.3], "texture": "#4"}
			}
		},
		{
			"name": "h3",
			"from": [6.5, 16, 7],
			"to": [7, 17, 8],
			"faces": {
				"north": {"uv": [0, 0, 9, 9], "texture": "#3"},
				"east": {"uv": [0, 0, 1, 1], "texture": "#3"},
				"south": {"uv": [0, 0, 9, 9], "texture": "#3"},
				"west": {"uv": [0, 0, 9, 9], "texture": "#3"},
				"up": {"uv": [0, 0, 9, 9], "texture": "#3"},
				"down": {"uv": [0, 0, 9, 9], "texture": "#3"}
			}
		},
		{
			"name": "h4",
			"from": [7, 16, 7],
			"to": [8, 17, 8],
			"faces": {
				"north": {"uv": [0, 0, 1, 1], "texture": "#missing"},
				"east": {"uv": [0, 0, 1, 1], "texture": "#missing"},
				"south": {"uv": [0, 0, 1, 1], "texture": "#missing"},
				"west": {"uv": [0, 0, 1, 1], "texture": "#missing"},
				"up": {"uv": [0, 0, 9, 9], "texture": "#3"},
				"down": {"uv": [0, 0, 1, 1], "texture": "#missing"}
			}
		},
		{
			"name": "Fire",
			"from": [6.95, 17, 6.9],
			"to": [8.05, 21, 8],
			"faces": {
				"north": {"uv": [0, 0, 14, 16], "texture": "#5"},
				"east": {"uv": [0, 0, 14, 16], "texture": "#5"},
				"south": {"uv": [0, 0, 14, 16], "texture": "#5"},
				"west": {"uv": [1, 0, 15, 16], "texture": "#5"},
				"up": {"uv": [0, 0, 2, 2], "texture": "#5"},
				"down": {"uv": [0, 0, 2, 2], "texture": "#5"}
			}
		},
		{
			"name": "Ice",
			"from": [7.025, 16.625, 6.925],
			"to": [8.025, 18.875, 7.975],
			"faces": {
				"north": {"uv": [1, 0, 15, 16], "texture": "#6"},
				"east": {"uv": [1, 0, 15, 16], "texture": "#6"},
				"south": {"uv": [1, 0, 15, 16], "texture": "#6"},
				"west": {"uv": [1, 0, 15, 16], "texture": "#6"},
				"up": {"uv": [1, 0, 15, 16], "texture": "#6"},
				"down": {"uv": [1, 0, 15, 16], "texture": "#6"}
			}
		}
	],
	"display": {
		"thirdperson_righthand": {
			"translation": [0.75, 8.75, 0],
			"scale": [2, 2, 2]
		},
		"thirdperson_lefthand": {
			"translation": [-0.75, 8.75, 0],
			"scale": [2, 2, 2]
		},
		"firstperson_righthand": {
			"rotation": [-8, 0, 0]
		},
		"firstperson_lefthand": {
			"rotation": [-8, 0, 0]
		},
		"ground": {
			"rotation": [90, 0, 0],
			"scale": [1.5, 1.5, 1.5]
		},
		"head": {
			"rotation": [-47, 0, 0],
			"translation": [1.25, 9, -8.5],
			"scale": [2, 2, 2]
		}
	},
	"groups": [
		{
			"name": "Handle",
			"origin": [7.5, 7.5, 7.5],
			"color": 0,
			"children": [0, 1, 2, 3]
		},
		{
			"name": "Fiery part",
			"origin": [8, 8, 8],
			"color": 0,
			"children": [4, 5, 6, 7, 8, 9, 10, 11, 12, 13, 14]
		}
	]
}