{
	"credit": "Made with Blockbench",
	"textures": {
		"0": "./Swordtextures",
		"particle": "./Swordtextures"
	},
	"elements": [
		{
			"from": [9, 2, -9],
			"to": [11, 4, 0],
			"rotation": {"angle": 0, "axis": "x", "origin": [8.5, 8.5, 8.5]},
			"faces": {
				"north": {"uv": [13.09565, 4.9913, 14.10435, 4.94783], "rotation": 180, "texture": "#0"},
				"east": {"uv": [13.09565, 4.9913, 14.10435, 4.94783], "rotation": 270, "texture": "#0"},
				"south": {"uv": [13.09565, 4.9913, 14.10435, 4.94783], "texture": "#0"},
				"west": {"uv": [13.09565, 4.9913, 14.10435, 4.94783], "rotation": 90, "texture": "#0"},
				"up": {"uv": [13.09565, 4.9913, 14.10435, 4.94783], "rotation": 180, "texture": "#0"},
				"down": {"uv": [13.09565, 4.9913, 14.10435, 4.94783], "texture": "#0"}
			}
		},
		{
			"from": [9, 2, 2],
			"to": [11, 4, 8],
			"rotation": {"angle": 0, "axis": "x", "origin": [8.5, 8.5, 8.5]},
			"faces": {
				"north": {"uv": [7.14783, 5.51304, 8.76522, 5.89565], "rotation": 180, "texture": "#0"},
				"east": {"uv": [7.14783, 5.51304, 8.76522, 5.89565], "rotation": 270, "texture": "#0"},
				"south": {"uv": [7.14783, 5.51304, 8.76522, 5.89565], "texture": "#0"},
				"west": {"uv": [7.14783, 5.51304, 8.76522, 5.89565], "rotation": 90, "texture": "#0"},
				"up": {"uv": [7.14783, 5.51304, 8.76522, 5.89565], "rotation": 180, "texture": "#0"},
				"down": {"uv": [7.14783, 5.51304, 8.76522, 5.89565], "texture": "#0"}
			}
		},
		{
			"from": [11, 3.725, 1.95],
			"to": [11.4, 4, 8],
			"rotation": {"angle": 0, "axis": "x", "origin": [8.5, 8.5, 8.5]},
			"faces": {
				"north": {"uv": [5.42609, 8.9913, 5.94783, 9.75652], "rotation": 180, "texture": "#0"},
				"east": {"uv": [5.42609, 8.9913, 5.94783, 9.75652], "rotation": 270, "texture": "#0"},
				"south": {"uv": [5.42609, 8.9913, 5.94783, 9.75652], "texture": "#0"},
				"west": {"uv": [5.42609, 8.9913, 5.94783, 9.75652], "rotation": 90, "texture": "#0"},
				"up": {"uv": [5.42609, 8.9913, 5.94783, 9.75652], "rotation": 180, "texture": "#0"},
				"down": {"uv": [5.42609, 8.9913, 5.94783, 9.75652], "texture": "#0"}
			}
		},
		{
			"from": [8.6, 3.725, 1.95],
			"to": [9, 4, 8],
			"rotation": {"angle": 0, "axis": "x", "origin": [8.5, 8.5, 8.5]},
			"faces": {
				"north": {"uv": [5.42609, 8.9913, 5.94783, 9.75652], "rotation": 180, "texture": "#0"},
				"east": {"uv": [5.42609, 8.9913, 5.94783, 9.75652], "rotation": 270, "texture": "#0"},
				"south": {"uv": [5.42609, 8.9913, 5.94783, 9.75652], "texture": "#0"},
				"west": {"uv": [5.42609, 8.9913, 5.94783, 9.75652], "rotation": 90, "texture": "#0"},
				"up": {"uv": [5.42609, 8.9913, 5.94783, 9.75652], "rotation": 180, "texture": "#0"},
				"down": {"uv": [5.42609, 8.9913, 5.94783, 9.75652], "texture": "#0"}
			}
		},
		{
			"from": [11, 2.65, 4.85],
			"to": [11.3, 3.725, 5.6],
			"rotation": {"angle": 0, "axis": "x", "origin": [8.5, 8.5, 8.5]},
			"faces": {
				"north": {"uv": [5.37391, 8.03478, 5.89565, 8.8], "rotation": 180, "texture": "#0"},
				"east": {"uv": [5.37391, 8.03478, 5.89565, 8.8], "rotation": 270, "texture": "#0"},
				"south": {"uv": [5.37391, 8.03478, 5.89565, 8.8], "texture": "#0"},
				"west": {"uv": [5.37391, 8.03478, 5.89565, 8.8], "rotation": 90, "texture": "#0"},
				"up": {"uv": [5.37391, 8.03478, 5.89565, 8.8], "rotation": 180, "texture": "#0"},
				"down": {"uv": [5.37391, 8.03478, 5.89565, 8.8], "texture": "#0"}
			}
		},
		{
			"from": [8.7, 2.65, 4.85],
			"to": [9, 3.725, 5.6],
			"rotation": {"angle": 0, "axis": "x", "origin": [8.5, 8.5, 8.5]},
			"faces": {
				"north": {"uv": [5.37391, 8.03478, 5.89565, 8.8], "rotation": 180, "texture": "#0"},
				"east": {"uv": [5.37391, 8.03478, 5.89565, 8.8], "rotation": 270, "texture": "#0"},
				"south": {"uv": [5.37391, 8.03478, 5.89565, 8.8], "texture": "#0"},
				"west": {"uv": [5.37391, 8.03478, 5.89565, 8.8], "rotation": 90, "texture": "#0"},
				"up": {"uv": [5.37391, 8.03478, 5.89565, 8.8], "rotation": 180, "texture": "#0"},
				"down": {"uv": [5.37391, 8.03478, 5.89565, 8.8], "texture": "#0"}
			}
		},
		{
			"from": [11, 2.65, 5.85],
			"to": [11.3, 3.725, 6.6],
			"rotation": {"angle": 0, "axis": "x", "origin": [8.5, 8.5, 8.5]},
			"faces": {
				"north": {"uv": [5.37391, 8.03478, 5.89565, 8.8], "rotation": 180, "texture": "#0"},
				"east": {"uv": [5.37391, 8.03478, 5.89565, 8.8], "rotation": 270, "texture": "#0"},
				"south": {"uv": [5.37391, 8.03478, 5.89565, 8.8], "texture": "#0"},
				"west": {"uv": [5.37391, 8.03478, 5.89565, 8.8], "rotation": 90, "texture": "#0"},
				"up": {"uv": [5.37391, 8.03478, 5.89565, 8.8], "rotation": 180, "texture": "#0"},
				"down": {"uv": [5.37391, 8.03478, 5.89565, 8.8], "texture": "#0"}
			}
		},
		{
			"from": [8.7, 2.65, 5.85],
			"to": [9, 3.725, 6.6],
			"rotation": {"angle": 0, "axis": "x", "origin": [8.5, 8.5, 8.5]},
			"faces": {
				"north": {"uv": [5.37391, 8.03478, 5.89565, 8.8], "rotation": 180, "texture": "#0"},
				"east": {"uv": [5.37391, 8.03478, 5.89565, 8.8], "rotation": 270, "texture": "#0"},
				"south": {"uv": [5.37391, 8.03478, 5.89565, 8.8], "texture": "#0"},
				"west": {"uv": [5.37391, 8.03478, 5.89565, 8.8], "rotation": 90, "texture": "#0"},
				"up": {"uv": [5.37391, 8.03478, 5.89565, 8.8], "rotation": 180, "texture": "#0"},
				"down": {"uv": [5.37391, 8.03478, 5.89565, 8.8], "texture": "#0"}
			}
		},
		{
			"from": [11, 2.65, 6.85],
			"to": [11.3, 3.725, 7.6],
			"rotation": {"angle": 0, "axis": "x", "origin": [8.5, 8.5, 8.5]},
			"faces": {
				"north": {"uv": [5.37391, 8.03478, 5.89565, 8.8], "rotation": 180, "texture": "#0"},
				"east": {"uv": [5.37391, 8.03478, 5.89565, 8.8], "rotation": 270, "texture": "#0"},
				"south": {"uv": [5.37391, 8.03478, 5.89565, 8.8], "texture": "#0"},
				"west": {"uv": [5.37391, 8.03478, 5.89565, 8.8], "rotation": 90, "texture": "#0"},
				"up": {"uv": [5.37391, 8.03478, 5.89565, 8.8], "rotation": 180, "texture": "#0"},
				"down": {"uv": [5.37391, 8.03478, 5.89565, 8.8], "texture": "#0"}
			}
		},
		{
			"from": [11, 2.85, 8.2],
			"to": [11.3, 3.925, 8.95],
			"rotation": {"angle": 0, "axis": "x", "origin": [8.5, 8.5, 8.5]},
			"faces": {
				"north": {"uv": [5.37391, 8.03478, 5.89565, 8.8], "rotation": 180, "texture": "#0"},
				"east": {"uv": [5.37391, 8.03478, 5.89565, 8.8], "rotation": 270, "texture": "#0"},
				"south": {"uv": [5.37391, 8.03478, 5.89565, 8.8], "texture": "#0"},
				"west": {"uv": [5.37391, 8.03478, 5.89565, 8.8], "rotation": 90, "texture": "#0"},
				"up": {"uv": [5.37391, 8.03478, 5.89565, 8.8], "rotation": 180, "texture": "#0"},
				"down": {"uv": [5.37391, 8.03478, 5.89565, 8.8], "texture": "#0"}
			}
		},
		{
			"from": [8.675, 2.85, 8.2],
			"to": [8.975, 3.925, 8.95],
			"rotation": {"angle": 0, "axis": "x", "origin": [8.5, 8.5, 8.5]},
			"faces": {
				"north": {"uv": [5.37391, 8.03478, 5.89565, 8.8], "rotation": 180, "texture": "#0"},
				"east": {"uv": [5.37391, 8.03478, 5.89565, 8.8], "rotation": 270, "texture": "#0"},
				"south": {"uv": [5.37391, 8.03478, 5.89565, 8.8], "texture": "#0"},
				"west": {"uv": [5.37391, 8.03478, 5.89565, 8.8], "rotation": 90, "texture": "#0"},
				"up": {"uv": [5.37391, 8.03478, 5.89565, 8.8], "rotation": 180, "texture": "#0"},
				"down": {"uv": [5.37391, 8.03478, 5.89565, 8.8], "texture": "#0"}
			}
		},
		{
			"from": [11, 2.85, 9.2],
			"to": [11.3, 3.925, 9.95],
			"rotation": {"angle": 0, "axis": "x", "origin": [8.5, 8.5, 8.5]},
			"faces": {
				"north": {"uv": [5.37391, 8.03478, 5.89565, 8.8], "rotation": 180, "texture": "#0"},
				"east": {"uv": [5.37391, 8.03478, 5.89565, 8.8], "rotation": 270, "texture": "#0"},
				"south": {"uv": [5.37391, 8.03478, 5.89565, 8.8], "texture": "#0"},
				"west": {"uv": [5.37391, 8.03478, 5.89565, 8.8], "rotation": 90, "texture": "#0"},
				"up": {"uv": [5.37391, 8.03478, 5.89565, 8.8], "rotation": 180, "texture": "#0"},
				"down": {"uv": [5.37391, 8.03478, 5.89565, 8.8], "texture": "#0"}
			}
		},
		{
			"from": [8.675, 2.85, 9.2],
			"to": [8.975, 3.925, 9.95],
			"rotation": {"angle": 0, "axis": "x", "origin": [8.5, 8.5, 8.5]},
			"faces": {
				"north": {"uv": [5.37391, 8.03478, 5.89565, 8.8], "rotation": 180, "texture": "#0"},
				"east": {"uv": [5.37391, 8.03478, 5.89565, 8.8], "rotation": 270, "texture": "#0"},
				"south": {"uv": [5.37391, 8.03478, 5.89565, 8.8], "texture": "#0"},
				"west": {"uv": [5.37391, 8.03478, 5.89565, 8.8], "rotation": 90, "texture": "#0"},
				"up": {"uv": [5.37391, 8.03478, 5.89565, 8.8], "rotation": 180, "texture": "#0"},
				"down": {"uv": [5.37391, 8.03478, 5.89565, 8.8], "texture": "#0"}
			}
		},
		{
			"from": [11, 2.85, 10.25],
			"to": [11.3, 3.925, 11],
			"rotation": {"angle": 0, "axis": "x", "origin": [8.5, 8.5, 8.5]},
			"faces": {
				"north": {"uv": [5.37391, 8.03478, 5.89565, 8.8], "rotation": 180, "texture": "#0"},
				"east": {"uv": [5.37391, 8.03478, 5.89565, 8.8], "rotation": 270, "texture": "#0"},
				"south": {"uv": [5.37391, 8.03478, 5.89565, 8.8], "texture": "#0"},
				"west": {"uv": [5.37391, 8.03478, 5.89565, 8.8], "rotation": 90, "texture": "#0"},
				"up": {"uv": [5.37391, 8.03478, 5.89565, 8.8], "rotation": 180, "texture": "#0"},
				"down": {"uv": [5.37391, 8.03478, 5.89565, 8.8], "texture": "#0"}
			}
		},
		{
			"from": [8.675, 2.85, 10.25],
			"to": [8.975, 3.925, 11],
			"rotation": {"angle": 0, "axis": "x", "origin": [8.5, 8.5, 8.5]},
			"faces": {
				"north": {"uv": [5.37391, 8.03478, 5.89565, 8.8], "rotation": 180, "texture": "#0"},
				"east": {"uv": [5.37391, 8.03478, 5.89565, 8.8], "rotation": 270, "texture": "#0"},
				"south": {"uv": [5.37391, 8.03478, 5.89565, 8.8], "texture": "#0"},
				"west": {"uv": [5.37391, 8.03478, 5.89565, 8.8], "rotation": 90, "texture": "#0"},
				"up": {"uv": [5.37391, 8.03478, 5.89565, 8.8], "rotation": 180, "texture": "#0"},
				"down": {"uv": [5.37391, 8.03478, 5.89565, 8.8], "texture": "#0"}
			}
		},
		{
			"from": [11, 2.85, 11.2],
			"to": [11.3, 3.925, 11.95],
			"rotation": {"angle": 0, "axis": "x", "origin": [8.5, 8.5, 8.5]},
			"faces": {
				"north": {"uv": [5.37391, 8.03478, 5.89565, 8.8], "rotation": 180, "texture": "#0"},
				"east": {"uv": [5.37391, 8.03478, 5.89565, 8.8], "rotation": 270, "texture": "#0"},
				"south": {"uv": [5.37391, 8.03478, 5.89565, 8.8], "texture": "#0"},
				"west": {"uv": [5.37391, 8.03478, 5.89565, 8.8], "rotation": 90, "texture": "#0"},
				"up": {"uv": [5.37391, 8.03478, 5.89565, 8.8], "rotation": 180, "texture": "#0"},
				"down": {"uv": [5.37391, 8.03478, 5.89565, 8.8], "texture": "#0"}
			}
		},
		{
			"from": [8.675, 2.85, 11.2],
			"to": [8.975, 3.925, 11.95],
			"rotation": {"angle": 0, "axis": "x", "origin": [8.5, 8.5, 8.5]},
			"faces": {
				"north": {"uv": [5.37391, 8.03478, 5.89565, 8.8], "rotation": 180, "texture": "#0"},
				"east": {"uv": [5.37391, 8.03478, 5.89565, 8.8], "rotation": 270, "texture": "#0"},
				"south": {"uv": [5.37391, 8.03478, 5.89565, 8.8], "texture": "#0"},
				"west": {"uv": [5.37391, 8.03478, 5.89565, 8.8], "rotation": 90, "texture": "#0"},
				"up": {"uv": [5.37391, 8.03478, 5.89565, 8.8], "rotation": 180, "texture": "#0"},
				"down": {"uv": [5.37391, 8.03478, 5.89565, 8.8], "texture": "#0"}
			}
		},
		{
			"from": [11, 2.85, 12.175],
			"to": [11.3, 3.925, 12.925],
			"rotation": {"angle": 0, "axis": "x", "origin": [8.5, 8.5, 8.5]},
			"faces": {
				"north": {"uv": [5.37391, 8.03478, 5.89565, 8.8], "rotation": 180, "texture": "#0"},
				"east": {"uv": [5.37391, 8.03478, 5.89565, 8.8], "rotation": 270, "texture": "#0"},
				"south": {"uv": [5.37391, 8.03478, 5.89565, 8.8], "texture": "#0"},
				"west": {"uv": [5.37391, 8.03478, 5.89565, 8.8], "rotation": 90, "texture": "#0"},
				"up": {"uv": [5.37391, 8.03478, 5.89565, 8.8], "rotation": 180, "texture": "#0"},
				"down": {"uv": [5.37391, 8.03478, 5.89565, 8.8], "texture": "#0"}
			}
		},
		{
			"from": [8.675, 2.85, 12.175],
			"to": [8.975, 3.925, 12.925],
			"rotation": {"angle": 0, "axis": "x", "origin": [8.5, 8.5, 8.5]},
			"faces": {
				"north": {"uv": [5.37391, 8.03478, 5.89565, 8.8], "rotation": 180, "texture": "#0"},
				"east": {"uv": [5.37391, 8.03478, 5.89565, 8.8], "rotation": 270, "texture": "#0"},
				"south": {"uv": [5.37391, 8.03478, 5.89565, 8.8], "texture": "#0"},
				"west": {"uv": [5.37391, 8.03478, 5.89565, 8.8], "rotation": 90, "texture": "#0"},
				"up": {"uv": [5.37391, 8.03478, 5.89565, 8.8], "rotation": 180, "texture": "#0"},
				"down": {"uv": [5.37391, 8.03478, 5.89565, 8.8], "texture": "#0"}
			}
		},
		{
			"from": [11, 2.85, 13.1],
			"to": [11.3, 3.925, 13.85],
			"rotation": {"angle": 0, "axis": "x", "origin": [8.5, 8.5, 8.5]},
			"faces": {
				"north": {"uv": [5.37391, 8.03478, 5.89565, 8.8], "rotation": 180, "texture": "#0"},
				"east": {"uv": [5.37391, 8.03478, 5.89565, 8.8], "rotation": 270, "texture": "#0"},
				"south": {"uv": [5.37391, 8.03478, 5.89565, 8.8], "texture": "#0"},
				"west": {"uv": [5.37391, 8.03478, 5.89565, 8.8], "rotation": 90, "texture": "#0"},
				"up": {"uv": [5.37391, 8.03478, 5.89565, 8.8], "rotation": 180, "texture": "#0"},
				"down": {"uv": [5.37391, 8.03478, 5.89565, 8.8], "texture": "#0"}
			}
		},
		{
			"from": [8.675, 2.85, 13.1],
			"to": [8.975, 3.925, 13.85],
			"rotation": {"angle": 0, "axis": "x", "origin": [8.5, 8.5, 8.5]},
			"faces": {
				"north": {"uv": [5.37391, 8.03478, 5.89565, 8.8], "rotation": 180, "texture": "#0"},
				"east": {"uv": [5.37391, 8.03478, 5.89565, 8.8], "rotation": 270, "texture": "#0"},
				"south": {"uv": [5.37391, 8.03478, 5.89565, 8.8], "texture": "#0"},
				"west": {"uv": [5.37391, 8.03478, 5.89565, 8.8], "rotation": 90, "texture": "#0"},
				"up": {"uv": [5.37391, 8.03478, 5.89565, 8.8], "rotation": 180, "texture": "#0"},
				"down": {"uv": [5.37391, 8.03478, 5.89565, 8.8], "texture": "#0"}
			}
		},
		{
			"from": [8.7, 2.65, 6.85],
			"to": [9, 3.725, 7.6],
			"rotation": {"angle": 0, "axis": "x", "origin": [8.5, 8.5, 8.5]},
			"faces": {
				"north": {"uv": [5.37391, 8.03478, 5.89565, 8.8], "rotation": 180, "texture": "#0"},
				"east": {"uv": [5.37391, 8.03478, 5.89565, 8.8], "rotation": 270, "texture": "#0"},
				"south": {"uv": [5.37391, 8.03478, 5.89565, 8.8], "texture": "#0"},
				"west": {"uv": [5.37391, 8.03478, 5.89565, 8.8], "rotation": 90, "texture": "#0"},
				"up": {"uv": [5.37391, 8.03478, 5.89565, 8.8], "rotation": 180, "texture": "#0"},
				"down": {"uv": [5.37391, 8.03478, 5.89565, 8.8], "texture": "#0"}
			}
		},
		{
			"from": [11, 2.65, 2.85],
			"to": [11.3, 3.725, 3.6],
			"rotation": {"angle": 0, "axis": "x", "origin": [8.5, 8.5, 8.5]},
			"faces": {
				"north": {"uv": [5.37391, 8.03478, 5.89565, 8.8], "rotation": 180, "texture": "#0"},
				"east": {"uv": [5.37391, 8.03478, 5.89565, 8.8], "rotation": 270, "texture": "#0"},
				"south": {"uv": [5.37391, 8.03478, 5.89565, 8.8], "texture": "#0"},
				"west": {"uv": [5.37391, 8.03478, 5.89565, 8.8], "rotation": 90, "texture": "#0"},
				"up": {"uv": [5.37391, 8.03478, 5.89565, 8.8], "rotation": 180, "texture": "#0"},
				"down": {"uv": [5.37391, 8.03478, 5.89565, 8.8], "texture": "#0"}
			}
		},
		{
			"from": [8.7, 2.65, 2.85],
			"to": [9, 3.725, 3.6],
			"rotation": {"angle": 0, "axis": "x", "origin": [8.5, 8.5, 8.5]},
			"faces": {
				"north": {"uv": [5.37391, 8.03478, 5.89565, 8.8], "rotation": 180, "texture": "#0"},
				"east": {"uv": [5.37391, 8.03478, 5.89565, 8.8], "rotation": 270, "texture": "#0"},
				"south": {"uv": [5.37391, 8.03478, 5.89565, 8.8], "texture": "#0"},
				"west": {"uv": [5.37391, 8.03478, 5.89565, 8.8], "rotation": 90, "texture": "#0"},
				"up": {"uv": [5.37391, 8.03478, 5.89565, 8.8], "rotation": 180, "texture": "#0"},
				"down": {"uv": [5.37391, 8.03478, 5.89565, 8.8], "texture": "#0"}
			}
		},
		{
			"from": [11, 2.65, 3.85],
			"to": [11.3, 3.725, 4.6],
			"rotation": {"angle": 0, "axis": "x", "origin": [8.5, 8.5, 8.5]},
			"faces": {
				"north": {"uv": [5.37391, 8.03478, 5.89565, 8.8], "rotation": 180, "texture": "#0"},
				"east": {"uv": [5.37391, 8.03478, 5.89565, 8.8], "rotation": 270, "texture": "#0"},
				"south": {"uv": [5.37391, 8.03478, 5.89565, 8.8], "texture": "#0"},
				"west": {"uv": [5.37391, 8.03478, 5.89565, 8.8], "rotation": 90, "texture": "#0"},
				"up": {"uv": [5.37391, 8.03478, 5.89565, 8.8], "rotation": 180, "texture": "#0"},
				"down": {"uv": [5.37391, 8.03478, 5.89565, 8.8], "texture": "#0"}
			}
		},
		{
			"from": [8.7, 2.65, 3.85],
			"to": [9, 3.725, 4.6],
			"rotation": {"angle": 0, "axis": "x", "origin": [8.5, 8.5, 8.5]},
			"faces": {
				"north": {"uv": [5.37391, 8.03478, 5.89565, 8.8], "rotation": 180, "texture": "#0"},
				"east": {"uv": [5.37391, 8.03478, 5.89565, 8.8], "rotation": 270, "texture": "#0"},
				"south": {"uv": [5.37391, 8.03478, 5.89565, 8.8], "texture": "#0"},
				"west": {"uv": [5.37391, 8.03478, 5.89565, 8.8], "rotation": 90, "texture": "#0"},
				"up": {"uv": [5.37391, 8.03478, 5.89565, 8.8], "rotation": 180, "texture": "#0"},
				"down": {"uv": [5.37391, 8.03478, 5.89565, 8.8], "texture": "#0"}
			}
		},
		{
			"from": [8.6, 4, 1.95],
			"to": [11.4, 4.375, 8],
			"rotation": {"angle": 0, "axis": "x", "origin": [8.5, 8.5, 8.5]},
			"faces": {
				"north": {"uv": [5.42609, 8.9913, 5.94783, 9.75652], "rotation": 180, "texture": "#0"},
				"east": {"uv": [5.42609, 8.9913, 5.94783, 9.75652], "rotation": 270, "texture": "#0"},
				"south": {"uv": [5.42609, 8.9913, 5.94783, 9.75652], "texture": "#0"},
				"west": {"uv": [5.42609, 8.9913, 5.94783, 9.75652], "rotation": 90, "texture": "#0"},
				"up": {"uv": [5.42609, 8.9913, 5.94783, 9.75652], "rotation": 180, "texture": "#0"},
				"down": {"uv": [5.42609, 8.9913, 5.94783, 9.75652], "texture": "#0"}
			}
		},
		{
			"from": [8.6, 4.2, 8],
			"to": [11.4, 4.575, 14],
			"rotation": {"angle": 0, "axis": "x", "origin": [8.5, 8.5, 8.5]},
			"faces": {
				"north": {"uv": [5.42609, 8.9913, 5.94783, 9.75652], "rotation": 180, "texture": "#0"},
				"east": {"uv": [5.42609, 8.9913, 5.94783, 9.75652], "rotation": 270, "texture": "#0"},
				"south": {"uv": [5.42609, 8.9913, 5.94783, 9.75652], "texture": "#0"},
				"west": {"uv": [5.42609, 8.9913, 5.94783, 9.75652], "rotation": 90, "texture": "#0"},
				"up": {"uv": [5.42609, 8.9913, 5.94783, 9.75652], "rotation": 180, "texture": "#0"},
				"down": {"uv": [5.42609, 8.9913, 5.94783, 9.75652], "texture": "#0"}
			}
		},
		{
			"from": [8.675, 3.05, 15.175],
			"to": [8.975, 4.125, 15.925],
			"rotation": {"angle": 0, "axis": "x", "origin": [8.5, 8.5, 8.5]},
			"faces": {
				"north": {"uv": [5.37391, 8.03478, 5.89565, 8.8], "rotation": 180, "texture": "#0"},
				"east": {"uv": [5.37391, 8.03478, 5.89565, 8.8], "rotation": 270, "texture": "#0"},
				"south": {"uv": [5.37391, 8.03478, 5.89565, 8.8], "texture": "#0"},
				"west": {"uv": [5.37391, 8.03478, 5.89565, 8.8], "rotation": 90, "texture": "#0"},
				"up": {"uv": [5.37391, 8.03478, 5.89565, 8.8], "rotation": 180, "texture": "#0"},
				"down": {"uv": [5.37391, 8.03478, 5.89565, 8.8], "texture": "#0"}
			}
		},
		{
			"from": [8.625, 4.675, 19],
			"to": [11.4, 5.05, 23.7],
			"rotation": {"angle": 0, "axis": "x", "origin": [8.5, 8.5, 8.5]},
			"faces": {
				"north": {"uv": [5.42609, 8.9913, 5.94783, 9.75652], "rotation": 180, "texture": "#0"},
				"east": {"uv": [5.42609, 8.9913, 5.94783, 9.75652], "rotation": 270, "texture": "#0"},
				"south": {"uv": [5.42609, 8.9913, 5.94783, 9.75652], "texture": "#0"},
				"west": {"uv": [5.42609, 8.9913, 5.94783, 9.75652], "rotation": 90, "texture": "#0"},
				"up": {"uv": [5.42609, 8.9913, 5.94783, 9.75652], "rotation": 180, "texture": "#0"},
				"down": {"uv": [5.42609, 8.9913, 5.94783, 9.75652], "texture": "#0"}
			}
		},
		{
			"from": [9, 3.3, 22],
			"to": [11, 4.7, 24],
			"rotation": {"angle": 0, "axis": "x", "origin": [8.5, 8.5, 8.5]},
			"faces": {
				"north": {"uv": [6.38261, 5.61739, 8, 5.86957], "rotation": 180, "texture": "#0"},
				"east": {"uv": [6.38261, 5.61739, 8, 5.86957], "rotation": 270, "texture": "#0"},
				"south": {"uv": [6.38261, 5.61739, 8, 5.86957], "texture": "#0"},
				"west": {"uv": [6.38261, 5.61739, 8, 5.86957], "rotation": 90, "texture": "#0"},
				"up": {"uv": [6.38261, 5.61739, 8, 5.86957], "rotation": 180, "texture": "#0"},
				"down": {"uv": [6.38261, 5.61739, 8, 5.86957], "texture": "#0"}
			}
		},
		{
			"from": [8.7, 3.575, 23.15],
			"to": [9, 4.65, 23.9],
			"rotation": {"angle": 0, "axis": "x", "origin": [8.5, 8.5, 8.5]},
			"faces": {
				"north": {"uv": [5.37391, 8.03478, 5.89565, 8.8], "rotation": 180, "texture": "#0"},
				"east": {"uv": [5.37391, 8.03478, 5.89565, 8.8], "rotation": 270, "texture": "#0"},
				"south": {"uv": [5.37391, 8.03478, 5.89565, 8.8], "texture": "#0"},
				"west": {"uv": [5.37391, 8.03478, 5.89565, 8.8], "rotation": 90, "texture": "#0"},
				"up": {"uv": [5.37391, 8.03478, 5.89565, 8.8], "rotation": 180, "texture": "#0"},
				"down": {"uv": [5.37391, 8.03478, 5.89565, 8.8], "texture": "#0"}
			}
		},
		{
			"from": [8.7, 3.575, 22.175],
			"to": [9, 4.65, 22.925],
			"rotation": {"angle": 0, "axis": "x", "origin": [8.5, 8.5, 8.5]},
			"faces": {
				"north": {"uv": [5.37391, 8.03478, 5.89565, 8.8], "rotation": 180, "texture": "#0"},
				"east": {"uv": [5.37391, 8.03478, 5.89565, 8.8], "rotation": 270, "texture": "#0"},
				"south": {"uv": [5.37391, 8.03478, 5.89565, 8.8], "texture": "#0"},
				"west": {"uv": [5.37391, 8.03478, 5.89565, 8.8], "rotation": 90, "texture": "#0"},
				"up": {"uv": [5.37391, 8.03478, 5.89565, 8.8], "rotation": 180, "texture": "#0"},
				"down": {"uv": [5.37391, 8.03478, 5.89565, 8.8], "texture": "#0"}
			}
		},
		{
			"from": [9, 2.9, 19],
			"to": [11, 4.7, 22],
			"rotation": {"angle": 0, "axis": "x", "origin": [8.5, 8.5, 8.5]},
			"faces": {
				"north": {"uv": [5.75652, 5.33913, 7.66957, 5.95652], "rotation": 180, "texture": "#0"},
				"east": {"uv": [5.75652, 5.33913, 7.66957, 5.95652], "rotation": 270, "texture": "#0"},
				"south": {"uv": [5.75652, 5.33913, 7.66957, 5.95652], "texture": "#0"},
				"west": {"uv": [5.75652, 5.33913, 7.66957, 5.95652], "rotation": 90, "texture": "#0"},
				"up": {"uv": [5.75652, 5.33913, 7.66957, 5.95652], "rotation": 180, "texture": "#0"},
				"down": {"uv": [5.75652, 5.33913, 7.66957, 5.95652], "texture": "#0"}
			}
		},
		{
			"from": [8.675, 3.325, 20.175],
			"to": [8.975, 4.4, 20.925],
			"rotation": {"angle": 0, "axis": "x", "origin": [8.5, 8.5, 8.5]},
			"faces": {
				"north": {"uv": [5.37391, 8.03478, 5.89565, 8.8], "rotation": 180, "texture": "#0"},
				"east": {"uv": [5.37391, 8.03478, 5.89565, 8.8], "rotation": 270, "texture": "#0"},
				"south": {"uv": [5.37391, 8.03478, 5.89565, 8.8], "texture": "#0"},
				"west": {"uv": [5.37391, 8.03478, 5.89565, 8.8], "rotation": 90, "texture": "#0"},
				"up": {"uv": [5.37391, 8.03478, 5.89565, 8.8], "rotation": 180, "texture": "#0"},
				"down": {"uv": [5.37391, 8.03478, 5.89565, 8.8], "texture": "#0"}
			}
		},
		{
			"from": [8.675, 3.325, 21.125],
			"to": [8.975, 4.4, 21.875],
			"rotation": {"angle": 0, "axis": "x", "origin": [8.5, 8.5, 8.5]},
			"faces": {
				"north": {"uv": [5.37391, 8.03478, 5.89565, 8.8], "rotation": 180, "texture": "#0"},
				"east": {"uv": [5.37391, 8.03478, 5.89565, 8.8], "rotation": 270, "texture": "#0"},
				"south": {"uv": [5.37391, 8.03478, 5.89565, 8.8], "texture": "#0"},
				"west": {"uv": [5.37391, 8.03478, 5.89565, 8.8], "rotation": 90, "texture": "#0"},
				"up": {"uv": [5.37391, 8.03478, 5.89565, 8.8], "rotation": 180, "texture": "#0"},
				"down": {"uv": [5.37391, 8.03478, 5.89565, 8.8], "texture": "#0"}
			}
		},
		{
			"from": [8.675, 3.325, 19.15],
			"to": [8.975, 4.4, 19.9],
			"rotation": {"angle": 0, "axis": "x", "origin": [8.5, 8.5, 8.5]},
			"faces": {
				"north": {"uv": [5.37391, 8.03478, 5.89565, 8.8], "rotation": 180, "texture": "#0"},
				"east": {"uv": [5.37391, 8.03478, 5.89565, 8.8], "rotation": 270, "texture": "#0"},
				"south": {"uv": [5.37391, 8.03478, 5.89565, 8.8], "texture": "#0"},
				"west": {"uv": [5.37391, 8.03478, 5.89565, 8.8], "rotation": 90, "texture": "#0"},
				"up": {"uv": [5.37391, 8.03478, 5.89565, 8.8], "rotation": 180, "texture": "#0"},
				"down": {"uv": [5.37391, 8.03478, 5.89565, 8.8], "texture": "#0"}
			}
		},
		{
			"from": [11, 4.4, 19],
			"to": [11.4, 4.675, 23.7],
			"rotation": {"angle": 0, "axis": "x", "origin": [8.5, 8.5, 8.5]},
			"faces": {
				"north": {"uv": [5.42609, 8.9913, 5.94783, 9.75652], "rotation": 180, "texture": "#0"},
				"east": {"uv": [5.42609, 8.9913, 5.94783, 9.75652], "rotation": 270, "texture": "#0"},
				"south": {"uv": [5.42609, 8.9913, 5.94783, 9.75652], "texture": "#0"},
				"west": {"uv": [5.42609, 8.9913, 5.94783, 9.75652], "rotation": 90, "texture": "#0"},
				"up": {"uv": [5.42609, 8.9913, 5.94783, 9.75652], "rotation": 180, "texture": "#0"},
				"down": {"uv": [5.42609, 8.9913, 5.94783, 9.75652], "texture": "#0"}
			}
		},
		{
			"from": [8.625, 4.4, 14],
			"to": [11.4, 4.775, 19],
			"rotation": {"angle": 0, "axis": "x", "origin": [8.5, 8.5, 8.5]},
			"faces": {
				"north": {"uv": [5.42609, 8.9913, 5.94783, 9.75652], "rotation": 180, "texture": "#0"},
				"east": {"uv": [5.42609, 8.9913, 5.94783, 9.75652], "rotation": 270, "texture": "#0"},
				"south": {"uv": [5.42609, 8.9913, 5.94783, 9.75652], "texture": "#0"},
				"west": {"uv": [5.42609, 8.9913, 5.94783, 9.75652], "rotation": 90, "texture": "#0"},
				"up": {"uv": [5.42609, 8.9913, 5.94783, 9.75652], "rotation": 180, "texture": "#0"},
				"down": {"uv": [5.42609, 8.9913, 5.94783, 9.75652], "texture": "#0"}
			}
		},
		{
			"from": [11, 4.125, 14],
			"to": [11.4, 4.4, 19],
			"rotation": {"angle": 0, "axis": "x", "origin": [8.5, 8.5, 8.5]},
			"faces": {
				"north": {"uv": [5.42609, 8.9913, 5.94783, 9.75652], "rotation": 180, "texture": "#0"},
				"east": {"uv": [5.42609, 8.9913, 5.94783, 9.75652], "rotation": 270, "texture": "#0"},
				"south": {"uv": [5.42609, 8.9913, 5.94783, 9.75652], "texture": "#0"},
				"west": {"uv": [5.42609, 8.9913, 5.94783, 9.75652], "rotation": 90, "texture": "#0"},
				"up": {"uv": [5.42609, 8.9913, 5.94783, 9.75652], "rotation": 180, "texture": "#0"},
				"down": {"uv": [5.42609, 8.9913, 5.94783, 9.75652], "texture": "#0"}
			}
		},
		{
			"from": [11, 3.05, 14.125],
			"to": [11.3, 4.125, 14.875],
			"rotation": {"angle": 0, "axis": "x", "origin": [8.5, 8.5, 8.5]},
			"faces": {
				"north": {"uv": [5.37391, 8.03478, 5.89565, 8.8], "rotation": 180, "texture": "#0"},
				"east": {"uv": [5.37391, 8.03478, 5.89565, 8.8], "rotation": 270, "texture": "#0"},
				"south": {"uv": [5.37391, 8.03478, 5.89565, 8.8], "texture": "#0"},
				"west": {"uv": [5.37391, 8.03478, 5.89565, 8.8], "rotation": 90, "texture": "#0"},
				"up": {"uv": [5.37391, 8.03478, 5.89565, 8.8], "rotation": 180, "texture": "#0"},
				"down": {"uv": [5.37391, 8.03478, 5.89565, 8.8], "texture": "#0"}
			}
		},
		{
			"from": [11, 3.05, 15.175],
			"to": [11.3, 4.125, 15.925],
			"rotation": {"angle": 0, "axis": "x", "origin": [8.5, 8.5, 8.5]},
			"faces": {
				"north": {"uv": [5.37391, 8.03478, 5.89565, 8.8], "rotation": 180, "texture": "#0"},
				"east": {"uv": [5.37391, 8.03478, 5.89565, 8.8], "rotation": 270, "texture": "#0"},
				"south": {"uv": [5.37391, 8.03478, 5.89565, 8.8], "texture": "#0"},
				"west": {"uv": [5.37391, 8.03478, 5.89565, 8.8], "rotation": 90, "texture": "#0"},
				"up": {"uv": [5.37391, 8.03478, 5.89565, 8.8], "rotation": 180, "texture": "#0"},
				"down": {"uv": [5.37391, 8.03478, 5.89565, 8.8], "texture": "#0"}
			}
		},
		{
			"from": [11, 3.05, 16.2],
			"to": [11.3, 4.125, 16.95],
			"rotation": {"angle": 0, "axis": "x", "origin": [8.5, 8.5, 8.5]},
			"faces": {
				"north": {"uv": [5.37391, 8.03478, 5.89565, 8.8], "rotation": 180, "texture": "#0"},
				"east": {"uv": [5.37391, 8.03478, 5.89565, 8.8], "rotation": 270, "texture": "#0"},
				"south": {"uv": [5.37391, 8.03478, 5.89565, 8.8], "texture": "#0"},
				"west": {"uv": [5.37391, 8.03478, 5.89565, 8.8], "rotation": 90, "texture": "#0"},
				"up": {"uv": [5.37391, 8.03478, 5.89565, 8.8], "rotation": 180, "texture": "#0"},
				"down": {"uv": [5.37391, 8.03478, 5.89565, 8.8], "texture": "#0"}
			}
		},
		{
			"from": [11, 3.05, 17.2],
			"to": [11.3, 4.125, 17.95],
			"rotation": {"angle": 0, "axis": "x", "origin": [8.5, 8.5, 8.5]},
			"faces": {
				"north": {"uv": [5.37391, 8.03478, 5.89565, 8.8], "rotation": 180, "texture": "#0"},
				"east": {"uv": [5.37391, 8.03478, 5.89565, 8.8], "rotation": 270, "texture": "#0"},
				"south": {"uv": [5.37391, 8.03478, 5.89565, 8.8], "texture": "#0"},
				"west": {"uv": [5.37391, 8.03478, 5.89565, 8.8], "rotation": 90, "texture": "#0"},
				"up": {"uv": [5.37391, 8.03478, 5.89565, 8.8], "rotation": 180, "texture": "#0"},
				"down": {"uv": [5.37391, 8.03478, 5.89565, 8.8], "texture": "#0"}
			}
		},
		{
			"from": [11, 3.05, 18.225],
			"to": [11.3, 4.125, 18.975],
			"rotation": {"angle": 0, "axis": "x", "origin": [8.5, 8.5, 8.5]},
			"faces": {
				"north": {"uv": [5.37391, 8.03478, 5.89565, 8.8], "rotation": 180, "texture": "#0"},
				"east": {"uv": [5.37391, 8.03478, 5.89565, 8.8], "rotation": 270, "texture": "#0"},
				"south": {"uv": [5.37391, 8.03478, 5.89565, 8.8], "texture": "#0"},
				"west": {"uv": [5.37391, 8.03478, 5.89565, 8.8], "rotation": 90, "texture": "#0"},
				"up": {"uv": [5.37391, 8.03478, 5.89565, 8.8], "rotation": 180, "texture": "#0"},
				"down": {"uv": [5.37391, 8.03478, 5.89565, 8.8], "texture": "#0"}
			}
		},
		{
			"from": [11, 3.325, 20.175],
			"to": [11.3, 4.4, 20.925],
			"rotation": {"angle": 0, "axis": "x", "origin": [8.5, 8.5, 8.5]},
			"faces": {
				"north": {"uv": [5.37391, 8.03478, 5.89565, 8.8], "rotation": 180, "texture": "#0"},
				"east": {"uv": [5.37391, 8.03478, 5.89565, 8.8], "rotation": 270, "texture": "#0"},
				"south": {"uv": [5.37391, 8.03478, 5.89565, 8.8], "texture": "#0"},
				"west": {"uv": [5.37391, 8.03478, 5.89565, 8.8], "rotation": 90, "texture": "#0"},
				"up": {"uv": [5.37391, 8.03478, 5.89565, 8.8], "rotation": 180, "texture": "#0"},
				"down": {"uv": [5.37391, 8.03478, 5.89565, 8.8], "texture": "#0"}
			}
		},
		{
			"from": [11, 3.325, 21.125],
			"to": [11.3, 4.4, 21.875],
			"rotation": {"angle": 0, "axis": "x", "origin": [8.5, 8.5, 8.5]},
			"faces": {
				"north": {"uv": [5.37391, 8.03478, 5.89565, 8.8], "rotation": 180, "texture": "#0"},
				"east": {"uv": [5.37391, 8.03478, 5.89565, 8.8], "rotation": 270, "texture": "#0"},
				"south": {"uv": [5.37391, 8.03478, 5.89565, 8.8], "texture": "#0"},
				"west": {"uv": [5.37391, 8.03478, 5.89565, 8.8], "rotation": 90, "texture": "#0"},
				"up": {"uv": [5.37391, 8.03478, 5.89565, 8.8], "rotation": 180, "texture": "#0"},
				"down": {"uv": [5.37391, 8.03478, 5.89565, 8.8], "texture": "#0"}
			}
		},
		{
			"from": [11, 3.575, 23.15],
			"to": [11.3, 4.65, 23.9],
			"rotation": {"angle": 0, "axis": "x", "origin": [8.5, 8.5, 8.5]},
			"faces": {
				"north": {"uv": [5.37391, 8.03478, 5.89565, 8.8], "rotation": 180, "texture": "#0"},
				"east": {"uv": [5.37391, 8.03478, 5.89565, 8.8], "rotation": 270, "texture": "#0"},
				"south": {"uv": [5.37391, 8.03478, 5.89565, 8.8], "texture": "#0"},
				"west": {"uv": [5.37391, 8.03478, 5.89565, 8.8], "rotation": 90, "texture": "#0"},
				"up": {"uv": [5.37391, 8.03478, 5.89565, 8.8], "rotation": 180, "texture": "#0"},
				"down": {"uv": [5.37391, 8.03478, 5.89565, 8.8], "texture": "#0"}
			}
		},
		{
			"from": [9, 2.6, 14],
			"to": [11, 4.4, 19],
			"rotation": {"angle": 0, "axis": "x", "origin": [8.5, 8.5, 8.5]},
			"faces": {
				"north": {"uv": [6.08696, 6, 8.73913, 5.46957], "rotation": 180, "texture": "#0"},
				"east": {"uv": [6.08696, 6, 8.73913, 5.46957], "rotation": 270, "texture": "#0"},
				"south": {"uv": [6.08696, 6, 8.73913, 5.46957], "texture": "#0"},
				"west": {"uv": [6.08696, 6, 8.73913, 5.46957], "rotation": 90, "texture": "#0"},
				"up": {"uv": [6.08696, 6, 8.73913, 5.46957], "rotation": 180, "texture": "#0"},
				"down": {"uv": [6.08696, 6, 8.73913, 5.46957], "texture": "#0"}
			}
		},
		{
			"from": [8.675, 3.05, 17.2],
			"to": [8.975, 4.125, 17.95],
			"rotation": {"angle": 0, "axis": "x", "origin": [8.5, 8.5, 8.5]},
			"faces": {
				"north": {"uv": [5.37391, 8.03478, 5.89565, 8.8], "rotation": 180, "texture": "#0"},
				"east": {"uv": [5.37391, 8.03478, 5.89565, 8.8], "rotation": 270, "texture": "#0"},
				"south": {"uv": [5.37391, 8.03478, 5.89565, 8.8], "texture": "#0"},
				"west": {"uv": [5.37391, 8.03478, 5.89565, 8.8], "rotation": 90, "texture": "#0"},
				"up": {"uv": [5.37391, 8.03478, 5.89565, 8.8], "rotation": 180, "texture": "#0"},
				"down": {"uv": [5.37391, 8.03478, 5.89565, 8.8], "texture": "#0"}
			}
		},
		{
			"from": [8.675, 3.05, 16.2],
			"to": [8.975, 4.125, 16.95],
			"rotation": {"angle": 0, "axis": "x", "origin": [8.5, 8.5, 8.5]},
			"faces": {
				"north": {"uv": [5.37391, 8.03478, 5.89565, 8.8], "rotation": 180, "texture": "#0"},
				"east": {"uv": [5.37391, 8.03478, 5.89565, 8.8], "rotation": 270, "texture": "#0"},
				"south": {"uv": [5.37391, 8.03478, 5.89565, 8.8], "texture": "#0"},
				"west": {"uv": [5.37391, 8.03478, 5.89565, 8.8], "rotation": 90, "texture": "#0"},
				"up": {"uv": [5.37391, 8.03478, 5.89565, 8.8], "rotation": 180, "texture": "#0"},
				"down": {"uv": [5.37391, 8.03478, 5.89565, 8.8], "texture": "#0"}
			}
		},
		{
			"from": [8.675, 3.05, 14.125],
			"to": [8.975, 4.125, 14.875],
			"rotation": {"angle": 0, "axis": "x", "origin": [8.5, 8.5, 8.5]},
			"faces": {
				"north": {"uv": [5.37391, 8.03478, 5.89565, 8.8], "rotation": 180, "texture": "#0"},
				"east": {"uv": [5.37391, 8.03478, 5.89565, 8.8], "rotation": 270, "texture": "#0"},
				"south": {"uv": [5.37391, 8.03478, 5.89565, 8.8], "texture": "#0"},
				"west": {"uv": [5.37391, 8.03478, 5.89565, 8.8], "rotation": 90, "texture": "#0"},
				"up": {"uv": [5.37391, 8.03478, 5.89565, 8.8], "rotation": 180, "texture": "#0"},
				"down": {"uv": [5.37391, 8.03478, 5.89565, 8.8], "texture": "#0"}
			}
		},
		{
			"from": [11, 3.325, 19.15],
			"to": [11.3, 4.4, 19.9],
			"rotation": {"angle": 0, "axis": "x", "origin": [8.5, 8.5, 8.5]},
			"faces": {
				"north": {"uv": [5.37391, 8.03478, 5.89565, 8.8], "rotation": 180, "texture": "#0"},
				"east": {"uv": [5.37391, 8.03478, 5.89565, 8.8], "rotation": 270, "texture": "#0"},
				"south": {"uv": [5.37391, 8.03478, 5.89565, 8.8], "texture": "#0"},
				"west": {"uv": [5.37391, 8.03478, 5.89565, 8.8], "rotation": 90, "texture": "#0"},
				"up": {"uv": [5.37391, 8.03478, 5.89565, 8.8], "rotation": 180, "texture": "#0"},
				"down": {"uv": [5.37391, 8.03478, 5.89565, 8.8], "texture": "#0"}
			}
		},
		{
			"from": [11, 3.575, 22.175],
			"to": [11.3, 4.65, 22.925],
			"rotation": {"angle": 0, "axis": "x", "origin": [8.5, 8.5, 8.5]},
			"faces": {
				"north": {"uv": [5.37391, 8.03478, 5.89565, 8.8], "rotation": 180, "texture": "#0"},
				"east": {"uv": [5.37391, 8.03478, 5.89565, 8.8], "rotation": 270, "texture": "#0"},
				"south": {"uv": [5.37391, 8.03478, 5.89565, 8.8], "texture": "#0"},
				"west": {"uv": [5.37391, 8.03478, 5.89565, 8.8], "rotation": 90, "texture": "#0"},
				"up": {"uv": [5.37391, 8.03478, 5.89565, 8.8], "rotation": 180, "texture": "#0"},
				"down": {"uv": [5.37391, 8.03478, 5.89565, 8.8], "texture": "#0"}
			}
		},
		{
			"from": [8.6, 4.125, 14],
			"to": [9, 4.4, 19],
			"rotation": {"angle": 0, "axis": "x", "origin": [8.5, 8.5, 8.5]},
			"faces": {
				"north": {"uv": [5.42609, 8.9913, 5.94783, 9.75652], "rotation": 180, "texture": "#0"},
				"east": {"uv": [5.42609, 8.9913, 5.94783, 9.75652], "rotation": 270, "texture": "#0"},
				"south": {"uv": [5.42609, 8.9913, 5.94783, 9.75652], "texture": "#0"},
				"west": {"uv": [5.42609, 8.9913, 5.94783, 9.75652], "rotation": 90, "texture": "#0"},
				"up": {"uv": [5.42609, 8.9913, 5.94783, 9.75652], "rotation": 180, "texture": "#0"},
				"down": {"uv": [5.42609, 8.9913, 5.94783, 9.75652], "texture": "#0"}
			}
		},
		{
			"from": [8.625, 4.4, 19],
			"to": [9.025, 4.675, 23.7],
			"rotation": {"angle": 0, "axis": "x", "origin": [8.5, 8.5, 8.5]},
			"faces": {
				"north": {"uv": [5.42609, 8.9913, 5.94783, 9.75652], "rotation": 180, "texture": "#0"},
				"east": {"uv": [5.42609, 8.9913, 5.94783, 9.75652], "rotation": 270, "texture": "#0"},
				"south": {"uv": [5.42609, 8.9913, 5.94783, 9.75652], "texture": "#0"},
				"west": {"uv": [5.42609, 8.9913, 5.94783, 9.75652], "rotation": 90, "texture": "#0"},
				"up": {"uv": [5.42609, 8.9913, 5.94783, 9.75652], "rotation": 180, "texture": "#0"},
				"down": {"uv": [5.42609, 8.9913, 5.94783, 9.75652], "texture": "#0"}
			}
		},
		{
			"from": [8.675, 3.05, 18.225],
			"to": [8.975, 4.125, 18.975],
			"rotation": {"angle": 0, "axis": "x", "origin": [8.5, 8.5, 8.5]},
			"faces": {
				"north": {"uv": [5.37391, 8.03478, 5.89565, 8.8], "rotation": 180, "texture": "#0"},
				"east": {"uv": [5.37391, 8.03478, 5.89565, 8.8], "rotation": 270, "texture": "#0"},
				"south": {"uv": [5.37391, 8.03478, 5.89565, 8.8], "texture": "#0"},
				"west": {"uv": [5.37391, 8.03478, 5.89565, 8.8], "rotation": 90, "texture": "#0"},
				"up": {"uv": [5.37391, 8.03478, 5.89565, 8.8], "rotation": 180, "texture": "#0"},
				"down": {"uv": [5.37391, 8.03478, 5.89565, 8.8], "texture": "#0"}
			}
		},
		{
			"from": [11, 3.925, 8],
			"to": [11.4, 4.2, 14],
			"rotation": {"angle": 0, "axis": "x", "origin": [8.5, 8.5, 8.5]},
			"faces": {
				"north": {"uv": [5.42609, 8.9913, 5.94783, 9.75652], "rotation": 180, "texture": "#0"},
				"east": {"uv": [5.42609, 8.9913, 5.94783, 9.75652], "rotation": 270, "texture": "#0"},
				"south": {"uv": [5.42609, 8.9913, 5.94783, 9.75652], "texture": "#0"},
				"west": {"uv": [5.42609, 8.9913, 5.94783, 9.75652], "rotation": 90, "texture": "#0"},
				"up": {"uv": [5.42609, 8.9913, 5.94783, 9.75652], "rotation": 180, "texture": "#0"},
				"down": {"uv": [5.42609, 8.9913, 5.94783, 9.75652], "texture": "#0"}
			}
		},
		{
			"from": [8.6, 3.925, 8],
			"to": [9, 4.2, 14],
			"rotation": {"angle": 0, "axis": "x", "origin": [8.5, 8.5, 8.5]},
			"faces": {
				"north": {"uv": [5.42609, 8.9913, 5.94783, 9.75652], "rotation": 180, "texture": "#0"},
				"east": {"uv": [5.42609, 8.9913, 5.94783, 9.75652], "rotation": 270, "texture": "#0"},
				"south": {"uv": [5.42609, 8.9913, 5.94783, 9.75652], "texture": "#0"},
				"west": {"uv": [5.42609, 8.9913, 5.94783, 9.75652], "rotation": 90, "texture": "#0"},
				"up": {"uv": [5.42609, 8.9913, 5.94783, 9.75652], "rotation": 180, "texture": "#0"},
				"down": {"uv": [5.42609, 8.9913, 5.94783, 9.75652], "texture": "#0"}
			}
		},
		{
			"from": [9, 2.3, 8],
			"to": [11, 4.2, 14],
			"rotation": {"angle": 0, "axis": "x", "origin": [8.5, 8.5, 8.5]},
			"faces": {
				"north": {"uv": [6.66087, 5.37391, 8.26522, 6.05217], "rotation": 180, "texture": "#0"},
				"east": {"uv": [6.66087, 5.37391, 8.26522, 6.05217], "rotation": 270, "texture": "#0"},
				"south": {"uv": [6.66087, 5.37391, 8.26522, 6.05217], "texture": "#0"},
				"west": {"uv": [6.66087, 5.37391, 8.26522, 6.05217], "rotation": 90, "texture": "#0"},
				"up": {"uv": [6.66087, 5.37391, 8.26522, 6.05217], "rotation": 180, "texture": "#0"},
				"down": {"uv": [6.66087, 5.37391, 8.26522, 6.05217], "texture": "#0"}
			}
		},
		{
			"from": [8, 1, 0],
			"to": [12, 5, 2],
			"rotation": {"angle": 0, "axis": "x", "origin": [8.5, 8.5, 8.5]},
			"faces": {
				"north": {"uv": [12.10435, 6.05217, 12.04348, 6.34783], "rotation": 180, "texture": "#0"},
				"east": {"uv": [12.10435, 6.05217, 12.04348, 6.34783], "rotation": 270, "texture": "#0"},
				"south": {"uv": [12.10435, 6.05217, 12.04348, 6.34783], "texture": "#0"},
				"west": {"uv": [12.10435, 6.05217, 12.04348, 6.34783], "rotation": 90, "texture": "#0"},
				"up": {"uv": [12.10435, 6.05217, 12.04348, 6.34783], "rotation": 180, "texture": "#0"},
				"down": {"uv": [12.10435, 6.05217, 12.04348, 6.34783], "texture": "#0"}
			}
		}
	],
	"display": {
		"thirdperson_righthand": {
			"rotation": [-90, 0, 0],
			"translation": [-1, 9.5, -3.5],
			"scale": [0.44, 1, 1]
		},
		"thirdperson_lefthand": {
			"rotation": [106, 0, 0],
			"translation": [1, -15, 1.5],
			"scale": [0.44, 1, 1]
		},
		"firstperson_righthand": {
			"rotation": [-90, 0, 0],
			"translation": [-2.5, 0, 0],
			"scale": [0.28, 1, 1]
		},
		"firstperson_lefthand": {
			"rotation": [-34, 0, 0]
		},
		"ground": {
			"translation": [0, 4.5, 0],
			"scale": [0.28, 1, 1]
		},
		"gui": {
			"rotation": [-90, 0, 0],
			"translation": [-1.75, 0, 0]
		},
		"fixed": {
			"rotation": [-90, 0, 0],
			"translation": [-1, 0, -7.5],
			"scale": [0.28, 1, 1]
		}
	},
	"groups": [
		{
			"name": "Sword",
			"origin": [8, 8, 8],
			"color": 0,
			"children": [
				0,
				1,
				2,
				3,
				4,
				5,
				6,
				7,
				8,
				9,
				10,
				11,
				12,
				13,
				14,
				15,
				16,
				17,
				18,
				19,
				20,
				21,
				22,
				23,
				24,
				25,
				26,
				27,
				{
					"name": "edge",
					"origin": [8.5, 8.5, 8.5],
					"color": 0,
					"children": [28, 29, 30, 31, 32, 33, 34, 35, 36, 37, 38, 39, 40, 41, 42, 43, 44, 45, 46, 47, 48, 49, 50, 51, 52, 53, 54, 55, 56]
				},
				57,
				58,
				59,
				60
			]
		}
	]
}